sd_over_Delta,draw,focal_m_min,focal_m_end,U_undershoot,eps_at_min,T4_defined,U_at_frozen_lattice,db_m_min,db_m_end,db_offset_post,db_shape_post,db_rms_post,db_maxabs,db_corr_post,db_monotonicity_violation
0,0,-0.70844927,-0.4080182,0.27766835,4.4801867,1,0.27227205,-0.19691958,-0.19691958,-0.21303489,0.046298198,0.21800777,0.58620456,0.75350844,3.892712e-09
0,1,-0.70844927,-0.4080182,0.27766835,4.4801867,1,0.27227205,-0.19691958,-0.19691958,-0.21303489,0.046298198,0.21800777,0.58620456,0.75350844,3.892712e-09
0,2,-0.70844927,-0.4080182,0.27766835,4.4801867,1,0.27227205,-0.19691958,-0.19691958,-0.21303489,0.046298198,0.21800777,0.58620456,0.75350844,3.892712e-09
0,3,-0.70844927,-0.4080182,0.27766835,4.4801867,1,0.27227205,-0.19691958,-0.19691958,-0.21303489,0.046298198,0.21800777,0.58620456,0.75350844,3.892712e-09
0,4,-0.70844927,-0.4080182,0.27766835,4.4801867,1,0.27227205,-0.19691958,-0.19691958,-0.21303489,0.046298198,0.21800777,0.58620456,0.75350844,3.892712e-09
0,5,-0.70844927,-0.4080182,0.27766835,4.4801867,1,0.27227205,-0.19691958,-0.19691958,-0.21303489,0.046298198,0.21800777,0.58620456,0.75350844,3.892712e-09
0,6,-0.70844927,-0.4080182,0.27766835,4.4801867,1,0.27227205,-0.19691958,-0.19691958,-0.21303489,0.046298198,0.21800777,0.58620456,0.75350844,3.892712e-09
0,7,-0.70844927,-0.4080182,0.27766835,4.4801867,1,0.27227205,-0.19691958,-0.19691958,-0.21303489,0.046298198,0.21800777,0.58620456,0.75350844,3.892712e-09
0.1,0,-0.70709565,-0.40787451,0.27631474,4.4640957,1,0.27315006,-0.19692051,-0.19692051,-0.21319462,0.045363732,0.21796746,0.58477414,0.75333299,1.8893775e-12
0.1,1,-0.70712905,-0.40788261,0.27634813,4.4807082,1,0.27334968,-0.19692051,-0.19692051,-0.21317979,0.045518021,0.21798512,0.58482601,0.76402852,1.9099167e-12
0.1,2,-0.70654769,-0.40790356,0.27576678,4.4919371,1,0.27056468,-0.19692035,-0.19692035,-0.21317274,0.045312851,0.21793548,0.58436342,0.76180985,1.8041124e-12
0.1,3,-0.7064101,-0.40781951,0.27562919,4.4741588,1,0.2704405,-0.19692047,-0.19692047,-0.21314473,0.045271981,0.21789958,0.58422955,0.76219452,1.6401325e-12
0.1,4,-0.70701402,-0.40796756,0.27623311,4.4836331,1,0.27081393,-0.1969203,-0.1969203,-0.21319698,0.045477226,0.21799342,0.58480345,0.76097743,1.7715829e-12
0.1,5,-0.70672173,-0.40786663,0.27594081,4.4289542,1,0.27136484,-0.1969204,-0.1969204,-0.21316972,0.045329148,0.21793591,0.58437571,0.75943396,1.8355317e-12
0.1,6,-0.70650118,-0.40786165,0.27572026,4.4846972,1,0.27011087,-0.19692047,-0.19692047,-0.21314248,0.045287121,0.21790053,0.58429104,0.76318975,1.6013857e-12
0.1,7,-0.70715661,-0.40787263,0.27637569,4.480562,1,0.27102118,-0.19692024,-0.19692024,-0.21314846,0.04555287,0.21796176,0.58494483,0.76012509,1.8045565e-12
0.2,0,-0.70244552,-0.40787599,0.27166461,4.4478945,1,0.2703056,-0.19692146,-0.19692146,-0.21318823,0.043913481,0.217664,0.58017825,0.77033095,1.3232748e-12
0.2,1,-0.70256214,-0.4078649,0.27178122,4.4811211,1,0.27059798,-0.19692145,-0.19692145,-0.21318073,0.044070674,0.21768842,0.58032785,0.77960576,1.3451462e-12
0.2,2,-0.70074904,-0.40787838,0.26996813,4.4369129,1,0.26508786,-0.19692113,-0.19692113,-0.21316499,0.043576474,0.21757349,0.57870564,0.77609366,1.2522205e-12
0.2,3,-0.70032696,-0.40793051,0.26954605,4.4013409,1,0.26470042,-0.19692136,-0.19692136,-0.21324188,0.043310544,0.21759573,0.57828811,0.76571205,1.1077805e-12
0.2,4,-0.70238234,-0.40786695,0.27160143,4.4870796,1,0.26631516,-0.19692104,-0.19692104,-0.21314461,0.043983955,0.2176355,0.58031187,0.77376746,1.2143619e-12
0.2,5,-0.70132829,-0.40787321,0.27054738,4.4443911,1,0.26681899,-0.19692123,-0.19692123,-0.21315653,0.04363006,0.21757594,0.57913911,0.77137473,1.2622126e-12
0.2,6,-0.70049189,-0.40788884,0.26971098,4.4892077,1,0.26408661,-0.19692136,-0.19692136,-0.21318156,0.043497706,0.21757396,0.57845517,0.77901259,1.0559331e-12
0.2,7,-0.70313684,-0.40788767,0.27235592,4.4809373,1,0.26718735,-0.19692092,-0.19692092,-0.21317767,0.044170884,0.21770574,0.58105296,0.77178664,1.3479218e-12
0.3,0,-0.69477237,-0.40788314,0.26399146,4.4984179,1,0.26382995,-0.19692239,-0.19692239,-0.21320501,0.042197321,0.21734072,0.57294816,0.78901601,9.7899466e-13
0.3,1,-0.69500797,-0.40782631,0.26422706,4.4814256,1,0.26413271,-0.19692239,-0.19692239,-0.21314697,0.042366388,0.21731669,0.5730394,0.79694817,9.8587805e-13
0.3,2,-0.69137722,-0.40785557,0.26059631,4.4486108,1,0.25605589,-0.1969219,-0.1969219,-0.21318381,0.04156193,0.21719745,0.56951281,0.79271156,8.7629903e-13
0.3,3,-0.69040342,-0.40783132,0.25962251,4.3952528,1,0.25513179,-0.19692224,-0.19692224,-0.2132408,0.04123955,0.21719194,0.56855469,0.78349734,7.6494366e-13
0.3,4,-0.69487652,-0.40784702,0.26409561,4.4905261,1,0.25903036,-0.19692177,-0.19692177,-0.21318472,0.042227958,0.21732677,0.57303142,0.78870049,8.7940766e-13
0.3,5,-0.69242227,-0.40775047,0.26164135,4.4598281,1,0.25883534,-0.19692206,-0.19692206,-0.21314825,0.041654718,0.21718032,0.57061061,0.78588623,9.1449071e-13
0.3,6,-0.69067628,-0.40785904,0.25989537,4.4937183,1,0.25437527,-0.19692224,-0.19692224,-0.21320132,0.041421955,0.21718789,0.56893002,0.79709353,6.7912342e-13
0.3,7,-0.69648675,-0.40788018,0.26570583,4.4145062,1,0.26080509,-0.19692159,-0.19692159,-0.21315782,0.04253651,0.21736056,0.5746004,0.78547174,9.886536e-13
0.5,0,-0.67181783,-0.40787892,0.24103692,4.4655746,1,0.24067537,-0.19692426,-0.19692426,-0.21323449,0.038227639,0.21663403,0.5506144,0.8190084,5.9707794e-13
0.5,1,-0.67235111,-0.40771644,0.2415702,4.5486498,1,0.24084898,-0.19692424,-0.19692424,-0.21316639,0.038463029,0.21660867,0.55126979,0.82514792,6.152856e-13
0.5,2,-0.66311789,-0.40790357,0.23233698,4.4720065,1,0.22844113,-0.19692344,-0.19692344,-0.2133074,0.037144069,0.21651727,0.54204864,0.8290394,5.2846616e-13
0.5,3,-0.66074182,-0.40789337,0.22996091,4.3830764,1,0.22612536,-0.19692401,-0.19692401,-0.21335971,0.036726835,0.21649763,0.53975996,0.82202926,4.0356607e-13
0.5,4,-0.67192577,-0.40785846,0.24114486,4.4304992,1,0.23660201,-0.19692322,-0.19692322,-0.2132445,0.038321361,0.21666043,0.55072644,0.82161162,5.0148774e-13
0.5,5,-0.66577344,-0.40788115,0.23499252,4.4237646,1,0.2337032,-0.1969237,-0.1969237,-0.21331361,0.037485153,0.21658217,0.54485498,0.82816533,4.9982241e-13
0.5,6,-0.66119398,-0.407868,0.23041306,4.5027393,1,0.22517785,-0.196924,-0.196924,-0.21331612,0.036869349,0.2164789,0.54031487,0.8357349,3.1041836e-13
0.5,7,-0.67616443,-0.40786548,0.24538351,4.4151656,1,0.24102351,-0.19692292,-0.19692292,-0.21328945,0.038708799,0.21677352,0.55475806,0.8062898,5.8464344e-13
0.7,0,-0.64010656,-0.40782667,0.20932565,4.4993457,1,0.20672586,-0.19692611,-0.19692611,-0.21330121,0.034199637,0.21602551,0.51997825,0.85788093,3.8458126e-13
0.7,1,-0.64133124,-0.4078484,0.21055033,4.5486077,1,0.20648444,-0.19692609,-0.19692609,-0.21329704,0.034514936,0.21607153,0.52146452,0.86136095,3.7070347e-13
0.7,2,-0.62561215,-0.40785126,0.19483124,4.4954022,1,0.19109299,-0.19692497,-0.19692497,-0.21331485,0.032752627,0.21581464,0.50560226,0.87174146,3.5360603e-13
0.7,3,-0.62177598,-0.40789096,0.19099506,4.3709001,1,0.18723459,-0.19692556,-0.19692556,-0.21343304,0.032147459,0.2158405,0.50190445,0.85942026,2.4746871e-13
0.7,4,-0.64044281,-0.40783833,0.20966189,4.504312,1,0.20543676,-0.19692467,-0.19692467,-0.21330915,0.034201129,0.21603359,0.52013599,0.85509821,3.1818992e-13
0.7,5,-0.62998833,-0.40786341,0.19920741,4.4545314,1,0.19876343,-0.19692533,-0.19692533,-0.21337388,0.033034634,0.21591595,0.51045642,0.8602018,3.2573944e-13
0.7,6,-0.62203434,-0.4079455,0.19125343,4.5117604,1,0.18585558,-0.19692556,-0.19692556,-0.21336443,0.03220006,0.2157805,0.50230324,0.87275238,1.9417801e-13
0.7,7,-0.64762188,-0.40782507,0.21684096,4.4158249,1,0.2129868,-0.19692424,-0.19692424,-0.2133568,0.034782322,0.21617339,0.52713792,0.83953349,3.6515235e-13
0.9,0,-0.60277139,-0.40791499,0.17199047,4.5328963,1,0.16676303,-0.19692776,-0.19692776,-0.21340754,0.030086068,0.21551786,0.48391219,0.88582988,2.6378899e-13
0.9,1,-0.60472018,-0.40785837,0.17393927,4.6152894,1,0.16551089,-0.19692774,-0.19692774,-0.21333714,0.030656907,0.21552861,0.4863913,0.89267339,2.8343994e-13
0.9,2,-0.58482333,-0.40786204,0.15404242,4.5859401,1,0.14898107,-0.1969263,-0.1969263,-0.21340364,0.028453926,0.21529222,0.46554138,0.90155992,2.6256775e-13
0.9,3,-0.58011579,-0.40784782,0.14933488,4.4259356,1,0.14391486,-0.19692731,-0.19692731,-0.2135373,0.027688815,0.21532499,0.46101048,0.88488285,1.7885693e-13
0.9,4,-0.60378171,-0.40796647,0.1730008,4.5112049,1,0.16838954,-0.19692591,-0.19692591,-0.21349059,0.030130592,0.21560632,0.48444507,0.885941,2.2382096e-13
0.9,5,-0.58930156,-0.40789136,0.15852064,4.4181464,1,0.15843962,-0.19692676,-0.19692676,-0.21348134,0.028784331,0.21541314,0.47165051,0.88844168,2.4946711e-13
0.9,6,-0.57834851,-0.40791923,0.1475676,4.5880042,1,0.14094516,-0.19692731,-0.19692731,-0.21346883,0.027749652,0.21526492,0.45992926,0.90429736,1.3211654e-13
0.9,7,-0.61307596,-0.40782963,0.18229505,4.4164842,1,0.17865263,-0.19692557,-0.19692557,-0.21344928,0.030815702,0.21566224,0.49370564,0.87133218,2.4213964e-13
1.1,0,-0.56352156,-0.40794344,0.13274064,4.5662265,1,0.12657005,-0.19692961,-0.19692961,-0.2135282,0.026213181,0.21513118,0.44596171,0.90990799,2.3092639e-13
1.1,1,-0.56554498,-0.40783783,0.13476406,4.6817541,1,0.1235986,-0.19692959,-0.19692959,-0.21336014,0.027068854,0.21507039,0.44929667,0.91784912,2.2071234e-13
1.1,2,-0.54695081,-0.40789921,0.1161699,4.7439352,1,0.10753098,-0.19692783,-0.19692783,-0.21352675,0.024637506,0.21494343,0.42803178,0.92502122,2.4580338e-13
1.1,3,-0.54262308,-0.40787099,0.11184216,4.5485445,1,0.10175135,-0.19692906,-0.19692906,-0.2135778,0.023960203,0.21491758,0.4236536,0.91134968,1.4910295e-13
1.1,4,-0.56524707,-0.40784032,0.13446616,4.5853181,1,0.12852219,-0.19692735,-0.19692735,-0.21344902,0.026315197,0.21506504,0.44699961,0.91198272,1.7352786e-13
1.1,5,-0.54827771,-0.407867,0.1174968,4.5160649,1,0.11733627,-0.19692839,-0.19692839,-0.21350368,0.025158431,0.21498085,0.43259516,0.91602805,1.8873791e-13
1.1,6,-0.53585574,-0.40784336,0.10507482,4.664494,1,0.094790243,-0.19692905,-0.19692905,-0.2135082,0.023782949,0.21482872,0.41830579,0.92880627,9.9698028e-14
1.1,7,-0.5755274,-0.40785862,0.14474649,4.4843153,1,0.14045065,-0.19692669,-0.19692669,-0.21352766,0.02699768,0.21522764,0.45703164,0.8994594,2.0106139e-13
1.2,0,-0.54430629,-0.40790987,0.11352537,4.6164743,1,0.10795205,-0.19693052,-0.19693052,-0.21349143,0.024494584,0.21489201,0.42744857,0.92248465,1.9995117e-13
1.2,1,-0.54600777,-0.40793451,0.11522686,4.6812448,1,0.10396301,-0.19693049,-0.19693049,-0.21340798,0.025415437,0.21491606,0.43092164,0.92815294,2.0539126e-13
1.2,2,-0.5307382,-0.40782368,0.099957289,4.8230904,1,0.088358012,-0.19692858,-0.19692858,-0.21348846,0.022963125,0.21471989,0.41174419,0.93432618,2.4236169e-13
1.2,3,-0.52726118,-0.40794495,0.096480268,4.6100298,1,0.082547992,-0.19692993,-0.19692993,-0.21370267,0.02234567,0.21486778,0.40819284,0.92191415,1.4099832e-13
1.2,4,-0.54679139,-0.40782651,0.11601047,4.5888146,1,0.10863186,-0.19692806,-0.19692806,-0.21349394,0.024553324,0.21490121,0.42874894,0.92294303,1.5687451e-13
1.2,5,-0.52891482,-0.40789883,0.098133911,4.5314483,1,0.097751397,-0.1969292,-0.1969292,-0.21357275,0.023463341,0.21485774,0.41428191,0.92459981,1.7330581e-13
1.2,6,-0.51648639,-0.4078574,0.085705479,4.7365347,1,0.072328295,-0.19692992,-0.19692992,-0.21356936,0.022021843,0.21470173,0.39919876,0.93851303,9.3924868e-14
1.2,7,-0.55647206,-0.40794702,0.12569115,4.4846906,1,0.1207182,-0.19692735,-0.19692735,-0.21358458,0.025191233,0.21506504,0.43844783,0.91172259,1.6719959e-13
1.3,0,-0.52623578,-0.40790766,0.09545487,4.6667221,1,0.091072534,-0.19693144,-0.19693144,-0.21353771,0.022887193,0.21476074,0.41003309,0.93333775,1.8207658e-13
1.3,1,-0.52717242,-0.40784873,0.096391506,4.7480017,1,0.085851742,-0.19693141,-0.19693141,-0.21342811,0.023867788,0.21475854,0.41354973,0.93705345,1.7774671e-13
1.3,2,-0.51650156,-0.40789321,0.085720643,4.9023505,1,0.070689609,-0.19692934,-0.19692934,-0.21356497,0.021448211,0.21463928,0.3975795,0.94225479,2.4147351e-13
1.3,3,-0.51402293,-0.40788751,0.083242015,4.6716355,1,0.064730279,-0.19693079,-0.19693079,-0.21361898,0.02090647,0.21463958,0.39499444,0.93089224,1.3711254e-13
1.3,4,-0.5293148,-0.40790075,0.09853389,4.6596315,1,0.089202888,-0.19692878,-0.19692878,-0.21358376,0.022910225,0.21480899,0.41151356,0.9325387,1.4399593e-13
1.3,5,-0.51073771,-0.40794031,0.079956801,4.5468316,1,0.079289539,-0.19693001,-0.19693001,-0.21363942,0.021925583,0.21476158,0.39737952,0.93187165,1.7186252e-13
1.3,6,-0.49901113,-0.4078619,0.068230215,4.8761671,0,0.050558979,-0.19693078,-0.19693078,-0.21357746,0.020424205,0.21455181,0.38175466,0.94670113,8.3266727e-14
1.3,7,-0.53787677,-0.40787348,0.10709586,4.552329,1,0.10094584,-0.196928,-0.196928,-0.21359243,0.02347627,0.21487871,0.42015822,0.92266801,1.5365487e-13
1.4,0,-0.50965841,-0.40795046,0.078877499,4.7844109,1,0.076003109,-0.19693235,-0.19693235,-0.21361641,0.021242148,0.21466998,0.39425843,0.93928605,1.8751667e-13
1.4,1,-0.50928604,-0.40782951,0.078505129,4.8147586,1,0.069569765,-0.19693232,-0.19693232,-0.21343229,0.022434097,0.21460809,0.39751663,0.94470493,1.6364687e-13
1.4,2,-0.50350221,-0.40777766,0.072721299,4.914311,1,0.054408357,-0.1969301,-0.1969301,-0.21348113,0.020098126,0.21442511,0.38503993,0.94893022,2.4480418e-13
1.4,3,-0.50261971,-0.40782461,0.071838792,4.8008749,1,0.048589646,-0.19693166,-0.19693166,-0.21361317,0.01963765,0.21451392,0.38400292,0.93852047,1.3200552e-13
1.4,4,-0.5129917,-0.4078022,0.082210787,4.7305486,1,0.070324014,-0.19692949,-0.19692949,-0.21350232,0.021392019,0.21457134,0.39524174,0.94081157,1.3311574e-13
1.4,5,-0.49384313,-0.40794488,0.063062219,4.6296346,0,0.061927157,-0.19693082,-0.19693082,-0.21364076,0.020536411,0.21462553,0.38202447,0.93804956,1.7441604e-13
1.4,6,-0.48379016,-0.40795615,0.053009246,5.0160454,0,0.033729895,-0.19693165,-0.19693165,-0.21364203,0.018989449,0.2144843,0.36636904,0.95357863,8.8817842e-14
1.4,7,-0.52007398,-0.40791641,0.08929307,4.6200587,1,0.081419845,-0.19692865,-0.19692865,-0.21362961,0.021862882,0.21474542,0.40238148,0.93232357,1.5243362e-13
1.5,0,-0.49498381,-0.4078246,0.064202901,4.8347139,0,0.062689127,-0.19693327,-0.19693327,-0.21357175,0.019881057,0.21449511,0.38058091,0.94762801,1.7696955e-13
1.5,1,-0.49280235,-0.40787908,0.062021439,4.9489988,0,0.055210029,-0.19693323,-0.19693323,-0.21348363,0.021108154,0.21452462,0.3831571,0.95127654,1.6930901e-13
1.5,2,-0.49113099,-0.40790635,0.060350082,4.9937288,0,0.03954823,-0.19693086,-0.19693086,-0.21354162,0.019032998,0.21438814,0.37355763,0.95692593,2.48912e-13
1.5,3,-0.49202393,-0.40791001,0.061243015,4.7952086,0,0.033885832,-0.19693252,-0.19693252,-0.21371828,0.018383081,0.21450744,0.374516,0.94175387,1.3344881e-13
1.5,4,-0.49818729,-0.40787715,0.067406376,4.8015658,0,0.052352898,-0.1969302,-0.1969302,-0.21356735,0.020004294,0.21450218,0.38049252,0.94792717,1.2567725e-13
1.5,5,-0.47819419,-0.40788088,0.047413273,4.6450716,0,0.045716426,-0.19693162,-0.19693162,-0.21364482,0.019291641,0.21451404,0.36852836,0.94329731,1.7463808e-13
1.5,6,-0.47101982,-0.40786086,0.040238907,5.1561697,0,0.030186829,-0.19693251,-0.19693251,-0.21358495,0.01770802,0.21431777,0.35312241,0.95933101,8.1268325e-14
1.5,7,-0.50358524,-0.40785286,0.072804326,4.6878798,1,0.062380562,-0.19692931,-0.19692931,-0.21364341,0.020365351,0.21461187,0.38575033,0.94071782,1.3344881e-13
1.6,0,-0.48233005,-0.40787614,0.051549137,4.952568,0,0.050983425,-0.19693418,-0.19693418,-0.21364941,0.018641355,0.21446112,0.36867941,0.95468431,1.6320278e-13
1.6,1,-0.47801421,-0.4079184,0.047233298,5.0158099,0,0.042691815,-0.19693414,-0.19693414,-0.21352409,0.019889892,0.21444847,0.36979325,0.95690148,1.6231461e-13
1.6,2,-0.47819232,-0.40787637,0.04741141,5.0057417,0,0.025489069,-0.19693161,-0.19693161,-0.21354069,0.017978553,0.21429618,0.36239955,0.96142223,2.5335289e-13
1.6,3,-0.48125594,-0.40782341,0.050475028,4.857176,0,0.024770301,-0.19693338,-0.19693338,-0.21363939,0.01742193,0.21434857,0.366068,0.94767904,1.3311574e-13
1.6,4,-0.48458654,-0.40784895,0.05380563,4.8726831,0,0.035189527,-0.19693091,-0.19693091,-0.21356034,0.018743465,0.21438129,0.3670249,0.95398928,1.24456e-13
1.6,5,-0.46353807,-0.40793278,0.032757158,4.7280353,0,0.030467533,-0.19693243,-0.19693243,-0.21362538,0.018358433,0.21441276,0.35735138,0.95068773,1.7352786e-13
1.6,6,-0.4611478,-0.40787194,0.030366886,5.3641931,0,0.026430177,-0.19693337,-0.19693337,-0.21361626,0.016573439,0.21425822,0.34261492,0.96415512,8.9039887e-14
1.6,7,-0.48869978,-0.40788381,0.057918869,4.7557922,0,0.043992871,-0.19692996,-0.19692996,-0.21366039,0.018986339,0.21450232,0.37036621,0.94795436,1.29452e-13
1.8,0,-0.46104694,-0.40777548,0.030266027,5.188607,0,0.030272211,-0.19693599,-0.19693599,-0.21357355,0.016379349,0.21420071,0.34818566,0.9636629,1.6786572e-13
1.8,1,-0.4539438,-0.4078704,0.023162888,5.2847242,0,0.022163725,-0.19693595,-0.19693595,-0.21345791,0.017770937,0.21419637,0.346316,0.9658224,1.4799273e-13
1.8,2,-0.44926856,-0.40786591,0.01848765,5.0297677,0,-0.0021797665,-0.19693311,-0.19693311,-0.21353415,0.016264688,0.21415269,0.34024553,0.96838312,2.6423308e-13
1.8,3,-0.45792727,-0.4078869,0.02714636,4.9137181,0,0.0071633747,-0.1969351,-0.1969351,-0.21365939,0.01585705,0.21424701,0.35128161,0.95716768,1.398881e-13
1.8,4,-0.46015416,-0.40781605,0.029373243,5.0827889,0,0.015450821,-0.19693234,-0.19693234,-0.21357433,0.01659527,0.21421811,0.34337747,0.96354243,1.264544e-13
1.8,5,-0.43554121,-0.40787352,0.0047602982,4.8266503,0,0.0015849396,-0.19693403,-0.19693403,-0.21362531,0.016503946,0.21426188,0.34128017,0.95745695,1.7219559e-13
1.8,6,-0.44866069,-0.40785939,0.017879779,5.6457942,0,0.017869922,-0.19693509,-0.19693509,-0.2136486,0.014706672,0.21415417,0.33035203,0.97155704,9.15934e-14
1.8,7,-0.46488374,-0.40785733,0.034102822,5.0268737,0,0.024007403,-0.19693126,-0.19693126,-0.21366718,0.016591537,0.21431039,0.34443005,0.95941018,1.174616e-13
2,0,-0.44131235,-0.40781187,0.010531438,5.3573152,0,0.010419545,-0.1969378,-0.1969378,-0.21355569,0.014691426,0.21406044,0.32926628,0.97192601,1.6309176e-13
2,1,-0.43705053,-0.40789936,0.0062696215,5.6218269,0,0.0062574599,-0.19693775,-0.19693775,-0.21355749,0.015927734,0.21415064,0.32852091,0.9709734,1.5354384e-13
2,2,-0.41931052,-0.40788709,-0.011470389,13.31562,0,-0.012358866,-0.19693461,-0.19693461,-0.21352877,0.014981608,0.2140537,0.31861406,0.97332087,2.8355096e-13
2,3,-0.43204462,-0.40783102,0.0012637074,4.9026265,0,-0.01302976,-0.19693661,-0.19693661,-0.21361979,0.014626357,0.21411993,0.33511325,0.96450498,1.4765966e-13
2,4,-0.43795764,-0.4078563,0.0071767263,5.2934956,0,0.0023689207,-0.19693375,-0.19693375,-0.21361383,0.014882371,0.21413163,0.32345987,0.97051,1.3167245e-13
2,5,-0.42981713,-0.40795697,-0.0009637849,9.3963936,0,-0.015464471,-0.19693562,-0.19693562,-0.21368366,0.015034006,0.21421188,0.32795353,0.9628049,1.8951507e-13
2,6,-0.43721054,-0.40791585,0.0064296295,5.7925809,0,0.0061170279,-0.1969365,-0.1969365,-0.21362174,0.013284519,0.2140344,0.32467462,0.9767908,9.9031894e-14
2,7,-0.44828974,-0.40786864,0.017508828,5.3662686,0,0.015779054,-0.19693256,-0.19693256,-0.21371546,0.014656778,0.21421746,0.32500428,0.96772651,1.224576e-13
2.5,0,-0.41455631,-0.40792162,-0.016224599,19.831805,0,-0.016641017,-0.1969421,-0.1969421,-0.21359542,0.011706958,0.213916,0.27982209,0.98224211,1.7197355e-13
2.5,1,-0.41728132,-0.40790768,-0.013499598,28.269666,0,-0.017811004,-0.19694204,-0.19694204,-0.21350192,0.012979369,0.21389608,0.31061689,0.98152687,1.5687451e-13
2.5,2,-0.42130506,-0.40789603,-0.0094758506,14.087549,0,-0.0094693954,-0.19693814,-0.19693814,-0.21346263,0.012747334,0.21384291,0.28471974,0.98245776,3.5949022e-13
2.5,3,-0.43060166,-0.40785281,-0.00017925101,10.533508,0,-0.010672705,-0.19694075,-0.19694075,-0.21356497,0.012095815,0.21390724,0.29311679,0.97642593,1.7652546e-13
2.5,4,-0.42045796,-0.40788715,-0.010322953,18.286433,0,-0.011719954,-0.19693707,-0.19693707,-0.21356306,0.012037479,0.21390204,0.28835062,0.98093989,1.5254464e-13
2.5,5,-0.42096856,-0.40785398,-0.0098123549,9.900119,0,-0.010415032,-0.1969394,-0.1969394,-0.2136132,0.012428182,0.21397443,0.29456983,0.97445,2.0794477e-13
2.5,6,-0.42055559,-0.40798632,-0.010225328,16.188055,0,-0.018659369,-0.19694074,-0.19694074,-0.21358848,0.010997802,0.21387143,0.29040902,0.98484419,1.3600232e-13
2.5,7,-0.42028523,-0.40796504,-0.010495681,6.0492237,0,-0.014224887,-0.1969356,-0.1969356,-0.21371545,0.01142444,0.21402059,0.2940348,0.98013201,1.2378987e-13
3,0,-0.41588348,-0.40782019,-0.014897433,14.266253,0,-0.01683379,-0.19694654,-0.19694654,-0.21346253,0.010105343,0.21370159,0.27034956,0.98729998,1.8829382e-13
3,1,-0.42115474,-0.40775637,-0.0096261708,18.312913,0,-0.013869126,-0.19694647,-0.19694647,-0.213368,0.011437539,0.21367433,0.3142589,0.98661012,1.8207658e-13
3,2,-0.42105033,-0.40789159,-0.0097305794,11.179493,0,-0.011374649,-0.19694183,-0.19694183,-0.21343227,0.010780618,0.21370436,0.27145434,0.98747054,4.3931525e-13
3,3,-0.42456132,-0.40789253,-0.006219598,10.530788,0,-0.017192705,-0.19694496,-0.19694496,-0.21352162,0.010102587,0.21376049,0.27694259,0.9836832,2.1949109e-13
3,4,-0.42561979,-0.40785349,-0.0051611241,8.333017,0,-0.0060196574,-0.19694045,-0.19694045,-0.21352612,0.010391536,0.21377883,0.27636479,0.98629891,1.7730262e-13
3,5,-0.42446104,-0.40782457,-0.0063198718,19.419618,0,-0.011477784,-0.19694332,-0.19694332,-0.21349902,0.010526215,0.21375835,0.294492,0.9820854,2.7144953e-13
3,6,-0.42341485,-0.40789875,-0.007366062,13.933395,0,-0.0075548743,-0.19694494,-0.19694494,-0.21341203,0.0098668866,0.21364,0.26757644,0.98923611,1.8551827e-13
3,7,-0.41623786,-0.40782552,-0.014543052,28.033063,0,-0.020082811,-0.1969387,-0.1969387,-0.21360663,0.0096711117,0.21382544,0.26857616,0.98637838,1.3511414e-13
