x_read,sd_over_Delta,n_draws,cbar,qbar,cov_cq,var_c,var_q,G2_pred_mean,G2_meas_mean,wbar,agree_arm1,agree_arm2,frac_offres,G2_sd,G2_min,G2_max,G2_max_absdiff_pred_meas,max_abs_pooled_qq
2,0,64,0.8535533906,0.4721774673,0,0,3.081487911e-33,0,0,0.3657365606,0.8535533906,0.8535533906,0,0,0,0,0,1.110223025e-16
2,0.1,64,0.8531951249,0.4677507316,-0.0001612225472,7.86777211e-05,0.0003316110909,-0.0006476187126,-0.0006476187126,0.3653383005,0.8531951249,0.8531951249,0,8.609058321e-05,-0.0008442297094,-0.0004559278885,1.709786826e-16,2.220446049e-16
2,0.2,64,0.8521647482,0.4682004121,-0.0006462259516,0.0003222225496,0.001314879661,-0.002595588587,-0.002595588587,0.3642687819,0.8521647482,0.8521647482,0,0.0003472655605,-0.003427844558,-0.001823922418,1.517883041e-16,3.330669074e-16
2,0.3,64,0.8504555561,0.4677352953,-0.001460465318,0.0007537805333,0.002920960739,-0.005867015029,-0.005867015029,0.3625267536,0.8504555561,0.8504555561,0,0.0007958007866,-0.007848591324,-0.004072212185,1.535230276e-16,3.330669074e-16
2,0.5,64,0.8449807498,0.4672213723,-0.004101543065,0.002346290818,0.007775990462,-0.0164805144,-0.0164805144,0.3570551769,0.8449807498,0.8449807498,0,0.002330545745,-0.02279027679,-0.01119514882,1.752070711e-16,3.330669074e-16
2,0.7,64,0.8368447394,0.4657124433,-0.00810118575,0.005258250488,0.0142862396,-0.03257077294,-0.03257077294,0.3492893532,0.8368447394,0.8368447394,0,0.004747855685,-0.04616724115,-0.02175498026,1.45716772e-16,3.330669074e-16
2,0.9,64,0.8264116669,0.4643786753,-0.01333546891,0.009791234275,0.02165606651,-0.05364682784,-0.05364682784,0.3398166123,0.8264116669,0.8264116669,0,0.007886975974,-0.07695319582,-0.03561113159,1.942890293e-16,2.220446049e-16
2,1.1,64,0.8143013989,0.4655413546,-0.01949613464,0.0159236237,0.02913593703,-0.07842000611,-0.07842000611,0.3293241922,0.8143013989,0.8143013989,0,0.01137518341,-0.1123988801,-0.05235135966,1.804112415e-16,2.220446049e-16
2,1.2,64,0.8078343696,0.4659568177,-0.02281184569,0.01950003531,0.03274029383,-0.09175326507,-0.09175326507,0.3239239905,0.8078343696,0.8078343696,0,0.01314072551,-0.1303543888,-0.06071157334,1.665334537e-16,2.220446049e-16
2,1.25,64,0.8045339318,0.4670039177,-0.02449678842,0.02139349752,0.03448685295,-0.09851836821,-0.09851836821,0.3212044407,0.8045339318,0.8045339318,0,0.01401819114,-0.1398721038,-0.06495327998,1.665334537e-16,3.330669074e-16
2,1.3,64,0.8012013472,0.4664171101,-0.02621436512,0.02334792494,0.03618335705,-0.1054522294,-0.1054522294,0.3185186069,0.8012013472,0.8012013472,0,0.01482712107,-0.1483242266,-0.06925300222,1.804112415e-16,2.220446049e-16
2,1.35,64,0.7978452407,0.4671788609,-0.0279337248,0.02535639697,0.03784884223,-0.1123461878,-0.1123461878,0.3158179984,0.7978452407,0.7978452407,0,0.01569081543,-0.1577208423,-0.07367340813,1.665334537e-16,2.220446049e-16
2,1.4,64,0.7944736249,0.4680074485,-0.02966618872,0.027412107,0.03948385841,-0.1192934763,-0.1192934763,0.3131376446,0.7944736249,0.7944736249,0,0.01656479514,-0.1669913273,-0.0780784035,1.942890293e-16,2.220446049e-16
2,1.45,64,0.7910938934,0.4687732066,-0.03139717414,0.02950844411,0.04106059187,-0.126228684,-0.126228684,0.3104852004,0.7910938934,0.7910938934,0,0.01737709579,-0.1760786163,-0.08255656525,1.942890293e-16,3.330669074e-16
2,1.5,64,0.7877128251,0.4697738848,-0.03311890308,0.0316390557,0.04258204579,-0.1331342874,-0.1331342874,0.3078516215,0.7877128251,0.7877128251,0,0.01819910193,-0.1840876397,-0.08711834956,2.498001805e-16,2.220446049e-16
2,1.55,64,0.7843365985,0.4709738088,-0.03483651475,0.03379789342,0.04406758047,-0.1400080425,-0.1400080425,0.3052437339,0.7843365985,0.7843365985,0,0.01893488032,-0.1928346286,-0.09167457256,2.220446049e-16,3.330669074e-16
2,1.6,64,0.7809708135,0.4718390007,-0.0365569925,0.03597924434,0.04550856497,-0.1468966803,-0.1468966803,0.3026872984,0.7809708135,0.7809708135,0,0.01974663156,-0.201338942,-0.09630651802,1.942890293e-16,2.220446049e-16
2,1.8,64,0.7677053724,0.4765469709,-0.04325028567,0.04482807138,0.05074264853,-0.1736915151,-0.1736915151,0.2928303265,0.7677053724,0.7677053724,0,0.0223954843,-0.2315907037,-0.1156594009,1.942890293e-16,2.220446049e-16
2,2,64,0.7549242339,0.4823483133,-0.04963792711,0.05367315944,0.05533822141,-0.1992076067,-0.1992076067,0.2836854882,0.7549242339,0.7549242339,0,0.02468837954,-0.2588538372,-0.1362020869,2.220446049e-16,2.220446049e-16
2,2.5,64,0.7258696444,0.4968558906,-0.06380914113,0.074624097,0.06428275975,-0.2559422891,-0.2559422891,0.2641166789,0.7258696444,0.7258696444,0.00078125,0.02869631835,-0.3153491342,-0.1812114663,2.498001805e-16,3.330669074e-16
2,3,64,0.7012648111,0.5118829674,-0.07543634225,0.0929557981,0.0707778979,-0.3029352548,-0.3029352548,0.2487625452,0.7012648111,0.7012648111,0.00421875,0.03144176399,-0.3666580999,-0.2190886107,3.330669074e-16,2.220446049e-16
5,0,64,0.9642383454,0.1725185858,2.77333912e-32,1.109335648e-31,6.9333478e-33,1.942713867e-31,-1.110223025e-16,0.2898011118,0.9642383454,0.9642383454,0,0,1.942713867e-31,1.942713867e-31,1.110223025e-16,1.110223025e-16
5,0.1,64,0.9642014718,0.1753546136,1.236374955e-05,1.64634398e-06,9.493056829e-05,8.549161316e-05,8.549161316e-05,0.289870818,0.9642014718,0.9642014718,0,1.13417212e-05,5.971675953e-05,0.0001121222996,1.909686602e-16,4.440892099e-16
5,0.2,64,0.9640971578,0.1774250718,4.83514735e-05,6.674697869e-06,0.0003811503864,0.0003311574489,0.0003311574489,0.290291672,0.9640971578,0.9640971578,0,4.520241076e-05,0.0002352468578,0.0004427880803,1.672923952e-16,4.440892099e-16
5,0.3,64,0.963923851,0.1807128414,0.0001041536137,1.537208196e-05,0.0008512324297,0.0007031071673,0.0007031071673,0.2909784141,0.963923851,0.963923851,0,9.258106157e-05,0.0005205816468,0.0009574306705,1.866996141e-16,4.440892099e-16
5,0.5,64,0.9633582094,0.191747203,0.0002563150634,4.615886428e-05,0.002327219418,0.001652235557,0.001652235557,0.2930284711,0.9633582094,0.9633582094,0,0.000214228219,0.001184571884,0.002144782644,2.224782858e-16,3.330669074e-16
5,0.7,64,0.9624667068,0.2052701987,0.0004005591982,0.0001024944684,0.004145253897,0.002452381305,0.002452381305,0.2957882645,0.9624667068,0.9624667068,0,0.000410930281,0.001451310462,0.003293801034,1.660997728e-16,4.440892099e-16
5,0.9,64,0.9611842682,0.2204208837,0.0004541413162,0.0002031064976,0.005924205481,0.00263952813,0.00263952813,0.2989078895,0.9611842682,0.9611842682,0,0.000839060953,0.000587080082,0.003942490806,1.834470076e-16,3.330669074e-16
5,1.1,64,0.9594097163,0.2347988461,0.0002924603131,0.0003891059822,0.007463339292,0.001629758676,0.001629758676,0.3020264187,0.9594097163,0.9594097163,0,0.0018052068,-0.003470964023,0.004245884815,1.838806885e-16,4.440892099e-16
5,1.2,64,0.9582955093,0.2420635347,0.0001119671695,0.0005381113868,0.008200371763,0.0006178543563,0.0006178543563,0.3034615786,0.9582955093,0.9582955093,0,0.002439752294,-0.006330847086,0.004201700853,1.524388255e-16,3.330669074e-16
5,1.25,64,0.9576731352,0.2453680561,-2.670450148e-05,0.0006328658943,0.008572009013,-0.0001326087294,-0.0001326087294,0.3041378363,0.9576731352,0.9576731352,0,0.002889527042,-0.008390055769,0.004088683677,1.882174971e-16,4.440892099e-16
5,1.3,64,0.9570038831,0.2488465579,-0.0001766907568,0.0007440810038,0.008941544187,-0.0009285346758,-0.0009285346758,0.3047729156,0.9570038831,0.9570038831,0,0.003321945242,-0.009777147963,0.003902961928,2.185209479e-16,3.330669074e-16
5,1.35,64,0.9562852699,0.2521636567,-0.0003507263715,0.0008742178613,0.009306022122,-0.001837423696,-0.001837423696,0.3053645099,0.9562852699,0.9562852699,0.00015625,0.003753683027,-0.01205310705,0.003642229369,2.125036258e-16,4.440892099e-16
5,1.4,64,0.9555149018,0.2555260287,-0.0005523276642,0.001025907172,0.009704516849,-0.002873758544,-0.002873758544,0.305913353,0.9555149018,0.9555149018,0.00015625,0.004316386719,-0.01436181319,0.003297824309,1.45716772e-16,3.330669074e-16
5,1.45,64,0.9546905304,0.2587107721,-0.0007966110045,0.001201915572,0.01011003377,-0.004117031083,-0.004117031083,0.3064179671,0.9546905304,0.9546905304,0.0003125,0.004878515554,-0.0168948067,0.002889589527,1.734723476e-16,3.330669074e-16
5,1.5,64,0.9538101123,0.2619489007,-0.001069256249,0.001405090062,0.01052118776,-0.005484949798,-0.005484949798,0.3068717166,0.9538101123,0.9538101123,0.00046875,0.005508040203,-0.02011515981,0.002516753539,2.072994554e-16,5.551115123e-16
5,1.55,64,0.9528718646,0.2651368942,-0.001362532077,0.001638280026,0.01094667773,-0.00693699025,-0.00693699025,0.3072690048,0.9528718646,0.9528718646,0.00078125,0.006170793018,-0.0243230978,0.002077231291,1.569924746e-16,3.330669074e-16
5,1.6,64,0.9518743093,0.2681746952,-0.001705016842,0.001904247605,0.0114000946,-0.008621104956,-0.008621104956,0.3076197339,0.9518743093,0.9518743093,0.00109375,0.006866644864,-0.02790344916,0.001565414952,1.67183975e-16,4.440892099e-16
5,1.8,64,0.9472729813,0.2801826624,-0.003399416782,0.003343961296,0.01341799893,-0.01673990763,-0.01673990763,0.3084612471,0.9472729813,0.9472729813,0.003125,0.00993230096,-0.04651652867,-0.001262911964,1.543903894e-16,3.330669074e-16
5,2,64,0.9416871241,0.2916291699,-0.005649268797,0.005468234642,0.01573985997,-0.02717119042,-0.02717119042,0.3084271779,0.9416871241,0.9416871241,0.0078125,0.01337234048,-0.06845450794,-0.004551656023,1.509209424e-16,4.440892099e-16
5,2.5,64,0.9238250862,0.3187745628,-0.01360764437,0.01401872445,0.02287100792,-0.06233377228,-0.06233377228,0.3049052012,0.9238250862,0.9238250862,0.02265625,0.02182525173,-0.1295372565,-0.02048612816,1.665334537e-16,3.330669074e-16
5,3,64,0.9020112588,0.3443870914,-0.0237860342,0.02651591114,0.03083985917,-0.1049134669,-0.1049134669,0.2980048219,0.9020112588,0.9020112588,0.04734375,0.03003264613,-0.1941289821,-0.04535997126,2.498001805e-16,2.220446049e-16
10,0,64,0.9902903378,0.3373307405,6.162975822e-33,1.232595164e-32,3.081487911e-33,2.757006054e-32,0,0.2916803658,0.9902903378,0.9902903378,1,5.517094121e-48,2.757006054e-32,2.757006054e-32,2.757006054e-32,3.330669074e-16
10,0.1,64,0.9902870905,0.3387633978,2.539302647e-06,3.559381358e-08,0.0001823808244,1.133927398e-05,1.133927398e-05,0.2916912888,0.9902870905,0.9902870905,0.49625,1.559756721e-06,8.174877347e-06,1.450195081e-05,1.787307281e-16,3.330669074e-16
10,0.2,64,0.9902783364,0.3367509076,9.498474089e-06,1.429534333e-07,0.000651196446,4.254378408e-05,4.254378408e-05,0.2918967087,0.9902783364,0.9902783364,0.49625,5.770297201e-06,2.911773055e-05,5.866212436e-05,2.014515399e-16,4.440892099e-16
10,0.3,64,0.9902640335,0.3317941102,1.960008598e-05,3.239425919e-07,0.001284276703,8.846612866e-05,8.846612866e-05,0.2922172259,0.9902640335,0.9902640335,0.49625,1.254837534e-05,6.072450013e-05,0.0001263563907,2.272216703e-16,5.551115123e-16
10,0.5,64,0.9902184581,0.3208908241,4.052027427e-05,9.213644771e-07,0.002421727128,0.0001861249862,0.0001861249862,0.2930557645,0.9902184581,0.9902184581,0.49625,2.78839582e-05,0.0001180240439,0.0002567160973,1.975958459e-16,3.330669074e-16
10,0.7,64,0.9901493864,0.3095346366,5.231438895e-05,1.873508432e-06,0.003048671538,0.0002449891489,0.0002449891489,0.2939371623,0.9901493864,0.9901493864,0.49625,3.681115366e-05,0.0001466785666,0.0003143966137,1.980295268e-16,4.440892099e-16
10,0.9,64,0.9900552487,0.3015100139,5.024302638e-05,3.259117409e-06,0.003239073738,0.000238679102,0.000238679102,0.2946745891,0.9900552487,0.9900552487,0.49625,3.885949861e-05,0.0001543852655,0.0003195511912,2.155393919e-16,2.220446049e-16
10,1.1,64,0.9899337509,0.2974283251,3.58898827e-05,5.20591876e-06,0.003279182999,0.0001718219122,0.0001718219122,0.29519595,0.9899337509,0.9899337509,0.49625,6.083095804e-05,-6.539783956e-07,0.0002996489628,2.136420381e-16,4.440892099e-16
10,1.2,64,0.9898617761,0.2966230498,2.579205251e-05,6.450090855e-06,0.00329371785,0.0001237129838,0.0001237129838,0.2953663868,0.9898617761,0.9898617761,0.49625,7.606506776e-05,-8.804455271e-05,0.0003271153066,2.131541471e-16,4.440892099e-16
10,1.25,64,0.9898227704,0.2964150979,2.024978474e-05,7.154578675e-06,0.003302483473,9.720558568e-05,9.720558568e-05,0.2954343445,0.9898227704,0.9898227704,0.49625,8.326745057e-05,-0.0001127225938,0.0003520464913,2.124934614e-16,4.440892099e-16
10,1.3,64,0.9897816574,0.2963532144,1.471250597e-05,7.921225913e-06,0.003314123181,7.069491775e-05,7.069491775e-05,0.2954881856,0.9897816574,0.9897816574,0.49625,9.119209868e-05,-0.0001610217737,0.000368784208,1.941399515e-16,4.440892099e-16
10,1.35,64,0.989738358,0.2964693657,9.296565748e-06,8.756457467e-06,0.00331506413,4.477072693e-05,4.477072693e-05,0.2955256876,0.989738358,0.989738358,0.49625,9.798425865e-05,-0.0002094178861,0.0003748301608,1.973519004e-16,4.440892099e-16
10,1.4,64,0.9896927856,0.2965579217,4.027490392e-06,9.667685348e-06,0.003329138189,1.957008885e-05,1.957008885e-05,0.2955560657,0.9896927856,0.9896927856,0.49625,0.0001056828912,-0.0002518773896,0.0003946701414,1.618239505e-16,4.440892099e-16
10,1.45,64,0.989644846,0.2967435337,-1.042206888e-06,1.066350317e-05,0.00334729262,-4.667439821e-06,-4.667439821e-06,0.2955776804,0.989644846,0.989644846,0.49625,0.0001130753629,-0.0002891190842,0.0003803570211,2.15593602e-16,4.440892099e-16
10,1.5,64,0.989594436,0.2970780357,-5.661557849e-06,1.175392929e-05,0.003370976954,-2.670732783e-05,-2.670732783e-05,0.29558917,0.989594436,0.989594436,0.49625,0.0001188915868,-0.0003138185413,0.0003477256123,1.858864625e-16,4.440892099e-16
10,1.55,64,0.989541443,0.2973740987,-9.434491282e-06,1.295071313e-05,0.003383531339,-4.465463245e-05,-4.465463245e-05,0.2955895508,0.989541443,0.989541443,0.49625,0.0001288078318,-0.0003710491395,0.0003392171393,1.55691432e-16,4.440892099e-16
10,1.6,64,0.9894857429,0.2976849565,-1.265323562e-05,1.426772376e-05,0.003402576364,-5.996686212e-05,-5.996686212e-05,0.295589705,0.9894857429,0.9894857429,0.49625,0.0001370073348,-0.0004206673591,0.0002735695982,1.963219084e-16,5.551115123e-16
10,1.8,64,0.9892329331,0.2990344351,-1.995059298e-05,2.11218062e-05,0.003473630135,-9.434518198e-05,-9.434518198e-05,0.2955377803,0.9892329331,0.9892329331,0.49625,0.0001776345714,-0.0005291990747,0.0003138590403,2.017835768e-16,4.440892099e-16
10,2,64,0.9889229588,0.2999677697,-1.683430514e-05,3.20654483e-05,0.003582136808,-7.896116069e-05,-7.896116069e-05,0.2954762896,0.9889229588,0.9889229588,0.49625,0.0002537863429,-0.00107411032,0.0004575679486,1.822001751e-16,4.440892099e-16
10,2.5,64,0.9877652326,0.300095992,-2.15789152e-05,0.0001210492794,0.003947605037,-9.797000557e-05,-9.797000557e-05,0.2955005407,0.9877652326,0.9877652326,0.49625,0.001265391714,-0.009154700824,0.0008064978754,1.676176559e-16,4.440892099e-16
10,3,64,0.9856494944,0.2989947996,-0.0002998837714,0.0005173119449,0.004482962229,-0.001419168116,-0.001419168116,0.2959038219,0.9856494944,0.9856494944,0.49625,0.003893406958,-0.02267356393,0.001304907778,2.352718714e-16,4.440892099e-16
20,0,64,0.9975185951,0.2759288131,1.848892747e-32,1.109335648e-31,3.081487911e-33,9.254083205e-32,-1.110223025e-16,0.2953820891,0.9975185951,0.9975185951,1,2.206837648e-47,9.254083205e-32,9.254083205e-32,1.110223025e-16,2.220446049e-16
20,0.1,64,0.9975183451,0.2796197492,3.028080629e-07,6.066710679e-10,0.0001561519175,1.502960964e-06,1.502960964e-06,0.2953536358,0.9975183451,0.9975183451,1,1.958169407e-07,1.10650143e-06,2.019177402e-06,2.234504679e-16,3.330669074e-16
20,0.2,64,0.9975177255,0.2828429756,9.420298832e-07,2.429000007e-09,0.0004339478125,4.643294796e-06,4.643294796e-06,0.2954459822,0.9975177255,0.9975177255,1,5.151419143e-07,3.149026419e-06,5.796284308e-06,1.860668805e-16,3.330669074e-16
20,0.3,64,0.9975167357,0.2873131922,1.403993112e-06,5.474897291e-09,0.0006130492382,6.85542608e-06,6.85542608e-06,0.2955577781,0.9975167357,0.9975167357,1,8.089951183e-07,4.604420876e-06,8.637488935e-06,2.140164267e-16,4.440892099e-16
20,0.5,64,0.9975136396,0.2938811669,1.002374126e-06,1.529912172e-08,0.0007041409291,4.830280941e-06,4.830280941e-06,0.2957144005,0.9975136396,0.9975136396,1,1.744458644e-06,8.03100397e-07,7.758921119e-06,2.455938149e-16,3.330669074e-16
20,0.7,64,0.9975090402,0.2964904271,1.930993107e-07,3.026546264e-08,0.0007171534609,9.253305347e-07,9.253305347e-07,0.2957593171,0.9975090402,0.9975090402,1,2.342501713e-06,-4.22442394e-06,6.017521164e-06,2.2330319e-16,4.440892099e-16
20,0.9,64,0.9975029113,0.2969064516,-1.303337639e-07,5.066674741e-08,0.0007315341495,-6.269223839e-07,-6.269223839e-07,0.2957579787,0.9975029113,0.9975029113,1,3.232162726e-06,-7.300194403e-06,6.718553555e-06,2.207630441e-16,4.440892099e-16
20,1.1,64,0.9974952174,0.2968335299,-6.679827461e-08,7.691569682e-08,0.0007208340853,-3.138819797e-07,-3.138819797e-07,0.2957563492,0.9974952174,0.9974952174,1,3.942035917e-06,-8.693746171e-06,9.708595585e-06,1.695908191e-16,4.440892099e-16
20,1.2,64,0.9974907696,0.2967958755,4.958755846e-09,9.239945103e-08,0.000716501458,3.124748825e-08,3.124748825e-08,0.2957551806,0.9974907696,0.9974907696,1,4.145388481e-06,-8.813657101e-06,9.358276278e-06,1.584146429e-16,5.551115123e-16
20,1.25,64,0.9974883926,0.2967105348,4.237941592e-08,1.00766118e-07,0.0007144496719,2.10417901e-07,2.10417901e-07,0.2957580754,0.9974883926,0.9974883926,1,4.208127786e-06,-1.106730298e-05,1.131448e-05,1.945372364e-16,3.330669074e-16
20,1.3,64,0.9974859123,0.2966744913,4.009355217e-08,1.095644484e-07,0.0007116907734,1.996913853e-07,1.996913853e-07,0.2957599934,0.9974859123,0.9974859123,1,4.446626084e-06,-1.212361115e-05,1.364807546e-05,2.205714029e-16,4.440892099e-16
20,1.35,64,0.9974833278,0.2966087972,2.360377939e-08,1.188067273e-07,0.0007144747312,1.217390743e-07,1.217390742e-07,0.2957579107,0.9974833278,0.9974833278,1,4.892115159e-06,-1.178833668e-05,1.396018643e-05,1.826143742e-16,4.440892099e-16
20,1.4,64,0.9974806381,0.2965235603,2.16722896e-08,1.285060355e-07,0.0007167052831,1.130079752e-07,1.130079752e-07,0.2957586221,0.9974806381,0.9974806381,1,5.427632245e-06,-1.55094414e-05,1.341809963e-05,1.905938481e-16,3.330669074e-16
20,1.45,64,0.9974778419,0.2964451424,-4.323198887e-09,1.386762957e-07,0.000723607238,-9.354507178e-09,-9.354507198e-09,0.2957604576,0.9974778419,0.9974778419,1,5.881961462e-06,-2.011214389e-05,1.394321875e-05,2.25644495e-16,5.551115123e-16
20,1.5,64,0.9974749384,0.2964141059,-1.502292576e-08,1.493323221e-07,0.0007281160299,-6.127290829e-08,-6.127290829e-08,0.2957615389,0.9974749384,0.9974749384,1,6.13481216e-06,-2.352314989e-05,1.406580717e-05,2.151624622e-16,4.440892099e-16
20,1.55,64,0.9974719262,0.2963705936,-2.499043328e-08,1.60489875e-07,0.0007319973113,-1.095916234e-07,-1.095916233e-07,0.2957582786,0.9974719262,0.9974719262,1,6.002903561e-06,-2.184735195e-05,1.277865066e-05,1.615888989e-16,4.440892099e-16
20,1.6,64,0.9974688041,0.2963187176,4.282789852e-08,1.721657199e-07,0.0007329761927,2.148014718e-07,2.148014718e-07,0.2957611821,0.9974688041,0.9974688041,1,5.793868292e-06,-1.603843307e-05,1.428538187e-05,1.674228383e-16,3.330669074e-16
20,1.8,64,0.99745519,0.2960857617,4.230221592e-08,2.244263031e-07,0.0007359040267,2.047102495e-07,2.047102495e-07,0.2957623889,0.99745519,0.99745519,1,7.498138228e-06,-1.90876398e-05,1.687066011e-05,2.038520313e-16,4.440892099e-16
20,2,64,0.9974397024,0.2961030717,-1.996012574e-07,2.866317422e-07,0.0007392995976,-9.484487989e-07,-9.484487989e-07,0.2957658646,0.9974397024,0.9974397024,1,7.507144712e-06,-1.599873991e-05,1.540206469e-05,2.387760467e-16,6.661338148e-16
20,2.5,64,0.9973919969,0.2970263288,-3.149662769e-07,4.983683187e-07,0.0007634638054,-1.493050607e-06,-1.493050607e-06,0.2957416799,0.9973919969,0.9973919969,1,1.244889414e-05,-2.669545696e-05,2.40861788e-05,1.423956617e-16,4.440892099e-16
20,3,64,0.9973293639,0.2967546826,-2.556891721e-07,8.310419772e-07,0.000773112232,-1.202780002e-06,-1.202780002e-06,0.295752267,0.9973293639,0.9973293639,0.9996875,1.890859268e-05,-4.555539537e-05,4.261049023e-05,1.790007199e-16,4.440892099e-16
50,0,64,0.9996004794,0.3028988819,-6.162975822e-33,1.232595164e-32,3.081487911e-33,-2.918750783e-32,0,0.29603339,0.9996004794,0.9996004794,1,0,-2.918750783e-32,-2.918750783e-32,2.918750783e-32,5.551115123e-16
50,0.1,64,0.9996004703,0.2992741519,-1.030006712e-08,2.54750184e-12,5.506279478e-05,-4.91258882e-08,-4.91258882e-08,0.2959656271,0.9996004703,0.9996004703,1,6.50927329e-09,-6.121496287e-08,-2.991756893e-08,1.531065852e-16,4.440892099e-16
50,0.2,64,0.9996004516,0.2967447231,-9.261714822e-09,1.01909576e-11,7.064755496e-05,-4.438397523e-08,-4.438397525e-08,0.2959519742,0.9996004516,0.9996004516,1,1.308751966e-08,-6.856844369e-08,-1.561293788e-08,1.560730997e-16,4.440892099e-16
50,0.3,64,0.9996004232,0.2960891392,-1.737599536e-09,2.293481225e-11,7.143142124e-05,-8.342876541e-09,-8.342876541e-09,0.2959501467,0.9996004232,0.9996004232,1,1.926648177e-08,-5.166669851e-08,3.490108258e-08,2.095339769e-16,5.551115123e-16
50,0.5,64,0.9996003375,0.2961317682,-6.067829115e-10,6.376167189e-11,7.066632736e-05,-2.898392621e-09,-2.898392627e-09,0.2959498932,0.9996003375,0.9996003375,1,3.375145702e-08,-7.881254841e-08,7.329145111e-08,1.617274682e-16,4.440892099e-16
50,0.7,64,0.999600213,0.2962942909,-1.339516119e-09,1.251445711e-10,7.192675773e-05,-6.423733306e-09,-6.423733287e-09,0.2959485479,0.999600213,0.999600213,1,4.819818489e-08,-1.189528927e-07,1.246586806e-07,1.621355503e-16,4.440892099e-16
50,0.9,64,0.9996000497,0.296225424,2.52080516e-09,2.072655518e-10,7.189885849e-05,1.21051372e-08,1.210513719e-08,0.295947272,0.9996000497,0.9996000497,1,6.109860719e-08,-1.413390907e-07,1.418786168e-07,1.86443691e-16,3.330669074e-16
50,1.1,64,0.9995998475,0.2960761268,-4.624700486e-10,3.103734429e-10,7.068058274e-05,-2.213287909e-09,-2.213287911e-09,0.2959506166,0.9995998475,0.9995998475,1,6.920288932e-08,-1.439748064e-07,1.733626373e-07,1.850869428e-16,4.440892099e-16
50,1.2,64,0.9995997317,0.2960581012,-3.183763223e-09,3.698939138e-10,7.083633275e-05,-1.528582186e-08,-1.528582185e-08,0.2959490698,0.9995997317,0.9995997317,1,7.21418213e-08,-1.693782596e-07,1.647750144e-07,2.121773262e-16,5.551115123e-16
50,1.25,64,0.9995996701,0.2961108317,-1.278165153e-09,4.016652829e-10,7.191882171e-05,-6.113890898e-09,-6.113890906e-09,0.2959511827,0.9995996701,0.9995996701,1,6.668078034e-08,-1.560812882e-07,1.419833494e-07,2.133870415e-16,4.440892099e-16
50,1.3,64,0.9995996061,0.2961555807,2.231257312e-09,4.347855799e-10,7.228704019e-05,1.074217749e-08,1.074217749e-08,0.2959524316,0.9995996061,0.9995996061,1,7.340554652e-08,-1.477778244e-07,1.894279363e-07,2.106973562e-16,4.440892099e-16
50,1.35,64,0.9995995396,0.2961875954,3.02542745e-09,4.692612882e-10,7.186800788e-05,1.45263969e-08,1.452639689e-08,0.2959499904,0.9995995396,0.9995995396,1,8.142391914e-08,-1.844378908e-07,2.060675187e-07,1.568503583e-16,4.440892099e-16
50,1.4,64,0.9995994707,0.2961626119,1.226112172e-09,5.050991776e-10,7.176073578e-05,5.892006255e-09,5.892006246e-09,0.2959503996,0.9995994707,0.9995994707,1,8.356093972e-08,-1.659019684e-07,1.845296096e-07,1.825358648e-16,4.440892099e-16
50,1.45,64,0.9995993993,0.2961789039,-1.687157942e-09,5.423063082e-10,7.11624811e-05,-8.093086208e-09,-8.093086196e-09,0.2959518808,0.9995993993,0.9995993993,1,8.310073191e-08,-1.581904052e-07,1.803889187e-07,1.855141121e-16,4.440892099e-16
50,1.5,64,0.9995993254,0.2961614614,-1.041219268e-09,5.808900326e-10,7.09954673e-05,-4.985132598e-09,-4.985132598e-09,0.2959525469,0.9995993254,0.9995993254,1,8.795378971e-08,-1.884256037e-07,1.860416027e-07,1.71205608e-16,4.440892099e-16
50,1.55,64,0.999599249,0.296207347,2.096834771e-09,6.208580001e-10,7.148146568e-05,1.009887584e-08,1.009887583e-08,0.2959490747,0.999599249,0.999599249,1,1.069767845e-07,-2.474750383e-07,2.507180146e-07,1.715186529e-16,5.551115123e-16
50,1.6,64,0.9995991702,0.2961570725,2.863380454e-09,6.622181595e-10,7.214654939e-05,1.37910081e-08,1.379100812e-08,0.2959517065,0.9995991702,0.9995991702,1,1.158543567e-07,-2.253147105e-07,2.824518332e-07,1.711319426e-16,4.440892099e-16
50,1.8,64,0.9995988299,0.2961645278,-3.132317453e-09,8.417503961e-10,7.02511227e-05,-1.503188817e-08,-1.503188819e-08,0.2959495092,0.9995988299,0.9995988299,1,1.09145229e-07,-2.222425559e-07,2.68520779e-07,1.649004271e-16,3.330669074e-16
50,2,64,0.9995984496,0.2959947316,-1.079032271e-09,1.044274174e-09,7.089678968e-05,-5.181824892e-09,-5.181824877e-09,0.295953543,0.9995984496,0.9995984496,1,1.079222127e-07,-3.149235557e-07,4.044572645e-07,2.220039937e-16,3.330669074e-16
50,2.5,64,0.9995973209,0.2960977762,-1.072419009e-09,1.655729868e-09,7.148984793e-05,-5.151242318e-09,-5.151242311e-09,0.2959462025,0.9995973209,0.9995973209,1,1.888421178e-07,-4.907508395e-07,3.622199724e-07,1.856309762e-16,5.551115123e-16
50,3,64,0.9995959326,0.2960334187,-1.038955466e-09,2.428124939e-09,7.220845183e-05,-4.877714058e-09,-4.877714071e-09,0.2959502283,0.9995959326,0.9995959326,1,2.197258787e-07,-4.890081509e-07,5.325429237e-07,2.019147081e-16,5.551115123e-16
100,0,64,0.99990003,0.2928161398,-6.162975822e-33,1.232595164e-32,3.081487911e-33,-2.976206855e-32,0,0.2960714976,0.99990003,0.99990003,1,0,-2.976206855e-32,-2.976206855e-32,2.976206855e-32,2.220446049e-16
100,0.1,64,0.9999000292,0.2957652655,1.629020027e-10,3.994823661e-14,7.999477701e-06,7.819983276e-10,7.819983289e-10,0.2960143196,0.9999000292,0.9999000292,1,4.165312035e-10,-4.089508231e-11,1.427351673e-09,1.829484474e-16,4.440892099e-16
100,0.2,64,0.9999000277,0.2960715299,-1.739123287e-11,1.597925188e-13,8.194163387e-06,-8.346023769e-11,-8.346023005e-11,0.2960138906,0.9999000277,0.9999000277,1,6.842049935e-10,-1.444894847e-09,1.621038953e-09,2.089889075e-16,3.330669074e-16
100,0.3,64,0.9999000257,0.2960309576,1.315771222e-11,3.59544069e-13,8.026727248e-06,6.316717737e-11,6.316717115e-11,0.2960155692,0.9999000257,0.9999000257,1,9.035725405e-10,-2.161913739e-09,2.088545039e-09,2.09361428e-16,5.551115123e-16
100,0.5,64,0.9999000198,0.2960412971,5.067015979e-13,9.988929738e-13,8.019759277e-06,2.42369889e-12,2.423694925e-12,0.2960151995,0.9999000198,0.9999000198,1,1.345537987e-09,-2.54363458e-09,3.099252211e-09,2.094463524e-16,5.551115123e-16
100,0.7,64,0.9999000114,0.2960082929,-6.664148384e-12,1.958401349e-12,8.043141295e-06,-3.199133828e-11,-3.19913436e-11,0.296014413,0.9999000114,0.9999000114,1,1.67254945e-09,-2.813201962e-09,3.788020505e-09,2.347713544e-16,4.440892099e-16
100,0.9,64,0.9999000007,0.2960644729,4.468326016e-11,3.238729531e-12,7.89736915e-06,2.142171876e-10,2.142172013e-10,0.2960125514,0.9999000007,0.9999000007,1,2.302086577e-09,-5.486693589e-09,5.602584756e-09,2.060893375e-16,4.440892099e-16
100,1.1,64,0.9998999875,0.2961187039,-8.62297205e-11,4.840792865e-12,7.932768869e-06,-4.137479422e-10,-4.137479474e-10,0.2960155509,0.9998999875,0.9998999875,1,2.806069711e-09,-5.353571344e-09,5.130933195e-09,2.115035263e-16,5.551115123e-16
100,1.2,64,0.99989998,0.2961137927,1.275061167e-10,5.762831347e-12,7.966575616e-06,6.116919167e-10,6.116919124e-10,0.2960144065,0.99989998,0.99989998,1,3.374216399e-09,-8.789912462e-09,8.302244416e-09,2.166356258e-16,3.330669074e-16
100,1.25,64,0.9998999761,0.2960967694,2.055101843e-10,6.254174306e-12,8.040543995e-06,9.860137837e-10,9.860137845e-10,0.2960168469,0.9998999761,0.9998999761,1,3.206970174e-09,-6.997079744e-09,9.419324586e-09,2.238734318e-16,4.440892099e-16
100,1.3,64,0.9998999719,0.2960629006,-3.557459358e-11,6.765763206e-12,8.085753106e-06,-1.707329836e-10,-1.707329798e-10,0.2960181149,0.9998999719,0.9998999719,1,3.945408147e-09,-9.439015834e-09,6.60734605e-09,1.719385065e-16,3.330669074e-16
100,1.35,64,0.9998999676,0.2960288014,-5.099897143e-11,7.297621918e-12,8.061936522e-06,-2.441974532e-10,-2.441974366e-10,0.2960154924,0.9998999676,0.9998999676,1,3.789647325e-09,-8.513924974e-09,7.608037205e-09,1.940864333e-16,4.440892099e-16
100,1.4,64,0.9998999632,0.2960466523,-6.728230341e-11,7.849775328e-12,8.083995346e-06,-3.221347771e-10,-3.221347876e-10,0.296015762,0.9998999632,0.9998999632,1,4.162149275e-09,-1.037832191e-08,1.30070254e-08,2.079122337e-16,5.551115123e-16
100,1.45,64,0.9998999586,0.2960595958,-1.130229785e-10,8.422249345e-12,8.042521181e-06,-5.423135965e-10,-5.42313602e-10,0.2960172884,0.9998999586,0.9998999586,1,3.744560029e-09,-8.435671295e-09,6.793998041e-09,1.734297295e-16,4.440892099e-16
100,1.5,64,0.9998999539,0.2960702387,-2.036484282e-11,9.015070902e-12,7.91291077e-06,-9.746064956e-11,-9.746063852e-11,0.2960180061,0.9998999539,0.9998999539,1,4.205674603e-09,-8.256885142e-09,1.043739543e-08,1.983486485e-16,4.440892099e-16
100,1.55,64,0.999899949,0.2960310275,2.731337809e-10,9.628267959e-12,7.994935058e-06,1.310511422e-09,1.310511406e-09,0.2960145941,0.999899949,0.999899949,1,3.597318621e-09,-6.182950859e-09,1.002714703e-08,2.113775551e-16,4.440892099e-16
100,1.6,64,0.999899944,0.2960684554,-5.965780741e-11,1.026186951e-11,8.206270834e-06,-2.860457412e-10,-2.86045734e-10,0.2960171025,0.999899944,0.999899944,1,4.265026731e-09,-1.068147624e-08,9.91610709e-09,2.28381361e-16,4.440892099e-16
100,1.8,64,0.9998999223,0.2960438555,-8.066256984e-11,1.300093667e-11,8.057523969e-06,-3.876643459e-10,-3.876643537e-10,0.2960151957,0.9998999223,0.9998999223,1,4.272901193e-09,-1.019703488e-08,1.107544216e-08,1.785198202e-16,4.440892099e-16
100,2,64,0.9998998981,0.2960658478,1.334569965e-11,1.606906504e-11,8.036621292e-06,6.461043252e-11,6.461041945e-11,0.2960192013,0.9998998981,0.9998998981,1,4.857791943e-09,-1.012632206e-08,1.253092769e-08,1.931432324e-16,5.551115123e-16
100,2.5,64,0.9998998271,0.2960431317,-4.869610874e-11,2.519517216e-11,7.966051841e-06,-2.335825175e-10,-2.335825266e-10,0.2960118547,0.9998998271,0.9998998271,1,6.86636048e-09,-1.49145816e-08,1.643193994e-08,1.74693631e-16,4.440892099e-16
100,3,64,0.9998997406,0.2960467602,-4.126080196e-12,3.643779475e-11,8.128383176e-06,-1.916673706e-11,-1.916673764e-11,0.2960159706,0.9998997406,0.9998997406,1,9.069633367e-09,-2.165185379e-08,2.07519999e-08,1.773012401e-16,4.440892099e-16
320,0,64,0.9999902347,0.2959075448,6.162975822e-33,1.232595164e-32,3.081487911e-33,2.958044716e-32,0,0.2961178506,0.9999902347,0.9999902347,1,0,2.958044716e-32,2.958044716e-32,2.958044716e-32,2.220446049e-16
320,0.1,64,0.9999902346,0.2960628482,-6.75392342e-15,3.724577454e-17,4.084057675e-08,-3.240853405e-14,-3.240636925e-14,0.2960594213,0.9999902346,0.9999902346,1,5.550399353e-13,-1.704238648e-12,1.727959336e-12,1.705925385e-16,4.440892099e-16
320,0.2,64,0.9999902346,0.2960645632,3.731359967e-14,1.489813889e-16,4.922802132e-08,1.790399524e-13,1.790460141e-13,0.2960587108,0.9999902346,0.9999902346,1,9.907819898e-13,-1.947922415e-12,3.070156908e-12,1.775086874e-16,4.440892099e-16
320,0.3,64,0.9999902346,0.2960634517,2.928555953e-14,3.352053605e-16,4.832919508e-08,1.405141332e-13,1.405004585e-13,0.296060358,0.9999902346,0.9999902346,1,1.649486064e-12,-3.575084433e-12,4.143901816e-12,1.987936968e-16,4.440892099e-16
320,0.5,64,0.9999902345,0.2960653632,1.109170009e-14,9.311196512e-16,4.726473708e-08,5.321058873e-14,5.321264263e-14,0.2960600602,0.9999902345,0.9999902345,1,3.133213058e-12,-7.975166065e-12,9.186982755e-12,1.587075145e-16,5.551115123e-16
320,0.7,64,0.9999902344,0.2960632198,3.065897703e-13,1.825005612e-15,3.863230262e-08,1.471050414e-12,1.471026426e-12,0.296059225,0.9999902344,0.9999902344,1,4.147598226e-12,-8.368358982e-12,1.424435236e-11,2.417714386e-16,4.440892099e-16
320,0.9,64,0.9999902343,0.2960583353,2.005138066e-13,3.016903271e-15,4.438103924e-08,9.621704023e-13,9.621834579e-13,0.2960573725,0.9999902343,0.9999902343,1,5.832423053e-12,-8.699748438e-12,2.405004027e-11,2.241596333e-16,6.661338148e-16
320,1.1,64,0.9999902341,0.2960651002,1.471858156e-13,4.50687572e-15,4.337391737e-08,7.062918286e-13,7.063117452e-13,0.2960604405,0.9999902341,0.9999902341,1,6.253955111e-12,-1.326395882e-11,1.257997203e-11,2.335876273e-16,4.440892099e-16
320,1.2,64,0.9999902341,0.2960645811,9.714472455e-14,5.363666016e-15,4.60211004e-08,4.661080438e-13,4.661236674e-13,0.2960593025,0.9999902341,0.9999902341,1,7.818912287e-12,-1.631874025e-11,1.714159664e-11,2.288569178e-16,3.330669074e-16
320,1.25,64,0.999990234,0.2960668433,3.942922144e-13,5.820017604e-15,4.93099672e-08,1.891928112e-12,1.891929322e-12,0.2960616698,0.999990234,0.999990234,1,7.818312229e-12,-1.495314552e-11,1.842651097e-11,1.570371687e-16,4.440892099e-16
320,1.3,64,0.999990234,0.2960636488,3.715405891e-13,6.295009125e-15,4.307505329e-08,1.782634043e-12,1.782640008e-12,0.2960629248,0.999990234,0.999990234,1,8.498190022e-12,-1.479663081e-11,2.697884336e-11,2.023186063e-16,4.440892099e-16
320,1.35,64,0.9999902339,0.2960664878,2.023769499e-13,6.788642422e-15,4.047772696e-08,9.710366945e-13,9.710548338e-13,0.2960602955,0.9999902339,0.9999902339,1,7.956621897e-12,-1.348967919e-11,1.729595463e-11,1.781291552e-16,4.440892099e-16
320,1.4,64,0.9999902339,0.2960642332,1.742901261e-13,7.300919426e-15,4.763962651e-08,8.36291661e-13,8.362980447e-13,0.2960606004,0.9999902339,0.9999902339,1,7.874526817e-12,-1.639422062e-11,1.651872989e-11,1.937925283e-16,3.330669074e-16
320,1.45,64,0.9999902338,0.2960709971,2.945876719e-13,7.831842162e-15,4.695354429e-08,1.413480495e-12,1.41350126e-12,0.2960621493,0.9999902338,0.9999902338,1,9.203141429e-12,-1.87881122e-11,2.283710665e-11,1.800975592e-16,3.330669074e-16
320,1.5,64,0.9999902338,0.2960675231,-1.114991015e-13,8.38141274e-15,4.242767488e-08,-5.349516388e-13,-5.349488214e-13,0.2960629079,0.9999902338,0.9999902338,1,7.463223444e-12,-1.80391179e-11,1.546730858e-11,1.585734227e-16,4.440892099e-16
320,1.55,64,0.9999902337,0.2960639396,1.135134835e-13,8.949633367e-15,4.264925593e-08,5.446312348e-13,5.446320478e-13,0.2960594426,0.9999902337,0.9999902337,1,9.009036181e-12,-2.782263346e-11,2.374386795e-11,2.038602358e-16,4.440892099e-16
320,1.6,64,0.9999902337,0.2960676793,4.992322345e-14,9.536506334e-15,4.084022207e-08,2.395810333e-13,2.395861287e-13,0.2960619065,0.9999902337,0.9999902337,1,9.326591543e-12,-1.883726153e-11,2.540881083e-11,1.961178495e-16,4.440892099e-16
320,1.8,64,0.9999902334,0.2960643604,-7.505829691e-15,1.207057065e-14,4.387009758e-08,-3.589444509e-14,-3.58827551e-14,0.2960601098,0.9999902334,0.9999902334,1,1.096027729e-11,-2.543559508e-11,2.619258343e-11,2.018293817e-16,3.330669074e-16
320,2,64,0.9999902332,0.2960701344,2.978177645e-14,1.490327942e-14,4.379420856e-08,1.428974106e-13,1.428891727e-13,0.2960640567,0.9999902332,0.9999902332,1,1.148981536e-11,-2.718217072e-11,2.673605057e-11,2.216470313e-16,4.440892099e-16
320,2.5,64,0.9999902325,0.2960628208,-1.596508575e-13,2.329292613e-14,4.384138403e-08,-7.660388712e-13,-7.660400092e-13,0.2960567489,0.9999902325,0.9999902325,1,1.313052246e-11,-3.579290621e-11,3.377744579e-11,1.50333592e-16,4.440892099e-16
320,3,64,0.9999902316,0.2960627054,5.56819374e-13,3.355395959e-14,4.381851313e-08,2.671758892e-12,2.671760382e-12,0.2960608617,0.9999902316,0.9999902316,1,1.935960464e-11,-4.002327165e-11,4.645453389e-11,2.114839384e-16,4.440892099e-16
