node_index,c_w,c_a,c,loss,selected
0,0.2,0.05,0.42,,0
1,0.2,0.05,0.5,,0
2,0.2,0.05,0.65,,0
3,0.2,0.05,0.85,,0
4,0.2,0.05,1.2,,0
5,0.2,0.05,2,,0
6,0.2,0.05,4,,0
7,0.2,0.13572088083,0.42,,0
8,0.2,0.13572088083,0.5,,0
9,0.2,0.13572088083,0.65,,0
10,0.2,0.13572088083,0.85,,0
11,0.2,0.13572088083,1.2,,0
12,0.2,0.13572088083,2,,0
13,0.2,0.13572088083,4,,0
14,0.2,0.368403149864,0.42,,0
15,0.2,0.368403149864,0.5,,0
16,0.2,0.368403149864,0.65,,0
17,0.2,0.368403149864,0.85,,0
18,0.2,0.368403149864,1.2,,0
19,0.2,0.368403149864,2,,0
20,0.2,0.368403149864,4,,0
21,0.2,1,0.42,,0
22,0.2,1,0.5,,0
23,0.2,1,0.65,,0
24,0.2,1,0.85,,0
25,0.2,1,1.2,,0
26,0.2,1,2,,0
27,0.2,1,4,,0
28,0.2,2.71441761659,0.42,,0
29,0.2,2.71441761659,0.5,,0
30,0.2,2.71441761659,0.65,,0
31,0.2,2.71441761659,0.85,,0
32,0.2,2.71441761659,1.2,,0
33,0.2,2.71441761659,2,,0
34,0.2,2.71441761659,4,,0
35,0.2,7.36806299728,0.42,,0
36,0.2,7.36806299728,0.5,,0
37,0.2,7.36806299728,0.65,,0
38,0.2,7.36806299728,0.85,,0
39,0.2,7.36806299728,1.2,,0
40,0.2,7.36806299728,2,,0
41,0.2,7.36806299728,4,,0
42,0.2,20,0.42,,0
43,0.2,20,0.5,,0
44,0.2,20,0.65,,0
45,0.2,20,0.85,,0
46,0.2,20,1.2,,0
47,0.2,20,2,,0
48,0.2,20,4,,0
49,0.430886938006,0.05,0.42,,0
50,0.430886938006,0.05,0.5,,0
51,0.430886938006,0.05,0.65,,0
52,0.430886938006,0.05,0.85,,0
53,0.430886938006,0.05,1.2,,0
54,0.430886938006,0.05,2,,0
55,0.430886938006,0.05,4,,0
56,0.430886938006,0.13572088083,0.42,,0
57,0.430886938006,0.13572088083,0.5,,0
58,0.430886938006,0.13572088083,0.65,,0
59,0.430886938006,0.13572088083,0.85,,0
60,0.430886938006,0.13572088083,1.2,,0
61,0.430886938006,0.13572088083,2,,0
62,0.430886938006,0.13572088083,4,,0
63,0.430886938006,0.368403149864,0.42,,0
64,0.430886938006,0.368403149864,0.5,,0
65,0.430886938006,0.368403149864,0.65,,0
66,0.430886938006,0.368403149864,0.85,,0
67,0.430886938006,0.368403149864,1.2,,0
68,0.430886938006,0.368403149864,2,,0
69,0.430886938006,0.368403149864,4,,0
70,0.430886938006,1,0.42,,0
71,0.430886938006,1,0.5,,0
72,0.430886938006,1,0.65,,0
73,0.430886938006,1,0.85,,0
74,0.430886938006,1,1.2,,0
75,0.430886938006,1,2,,0
76,0.430886938006,1,4,,0
77,0.430886938006,2.71441761659,0.42,,0
78,0.430886938006,2.71441761659,0.5,,0
79,0.430886938006,2.71441761659,0.65,,0
80,0.430886938006,2.71441761659,0.85,,0
81,0.430886938006,2.71441761659,1.2,,0
82,0.430886938006,2.71441761659,2,,0
83,0.430886938006,2.71441761659,4,,0
84,0.430886938006,7.36806299728,0.42,,0
85,0.430886938006,7.36806299728,0.5,,0
86,0.430886938006,7.36806299728,0.65,,0
87,0.430886938006,7.36806299728,0.85,,0
88,0.430886938006,7.36806299728,1.2,,0
89,0.430886938006,7.36806299728,2,,0
90,0.430886938006,7.36806299728,4,,0
91,0.430886938006,20,0.42,,0
92,0.430886938006,20,0.5,,0
93,0.430886938006,20,0.65,,0
94,0.430886938006,20,0.85,,0
95,0.430886938006,20,1.2,,0
96,0.430886938006,20,2,,0
97,0.430886938006,20,4,,0
98,0.928317766723,0.05,0.42,,0
99,0.928317766723,0.05,0.5,,0
100,0.928317766723,0.05,0.65,,0
101,0.928317766723,0.05,0.85,,0
102,0.928317766723,0.05,1.2,,0
103,0.928317766723,0.05,2,,0
104,0.928317766723,0.05,4,,0
105,0.928317766723,0.13572088083,0.42,,0
106,0.928317766723,0.13572088083,0.5,,0
107,0.928317766723,0.13572088083,0.65,,0
108,0.928317766723,0.13572088083,0.85,,0
109,0.928317766723,0.13572088083,1.2,,0
110,0.928317766723,0.13572088083,2,,0
111,0.928317766723,0.13572088083,4,,0
112,0.928317766723,0.368403149864,0.42,,0
113,0.928317766723,0.368403149864,0.5,,0
114,0.928317766723,0.368403149864,0.65,,0
115,0.928317766723,0.368403149864,0.85,,0
116,0.928317766723,0.368403149864,1.2,,0
117,0.928317766723,0.368403149864,2,,0
118,0.928317766723,0.368403149864,4,,0
119,0.928317766723,1,0.42,,0
120,0.928317766723,1,0.5,,0
121,0.928317766723,1,0.65,,0
122,0.928317766723,1,0.85,,0
123,0.928317766723,1,1.2,,0
124,0.928317766723,1,2,,0
125,0.928317766723,1,4,,0
126,0.928317766723,2.71441761659,0.42,,0
127,0.928317766723,2.71441761659,0.5,,0
128,0.928317766723,2.71441761659,0.65,,0
129,0.928317766723,2.71441761659,0.85,,0
130,0.928317766723,2.71441761659,1.2,,0
131,0.928317766723,2.71441761659,2,,0
132,0.928317766723,2.71441761659,4,,0
133,0.928317766723,7.36806299728,0.42,,0
134,0.928317766723,7.36806299728,0.5,,0
135,0.928317766723,7.36806299728,0.65,,0
136,0.928317766723,7.36806299728,0.85,,0
137,0.928317766723,7.36806299728,1.2,,0
138,0.928317766723,7.36806299728,2,,0
139,0.928317766723,7.36806299728,4,,0
140,0.928317766723,20,0.42,,0
141,0.928317766723,20,0.5,,0
142,0.928317766723,20,0.65,,0
143,0.928317766723,20,0.85,,0
144,0.928317766723,20,1.2,,0
145,0.928317766723,20,2,,0
146,0.928317766723,20,4,,0
147,2,0.05,0.42,,0
148,2,0.05,0.5,,0
149,2,0.05,0.65,,0
150,2,0.05,0.85,,0
151,2,0.05,1.2,,0
152,2,0.05,2,,0
153,2,0.05,4,,0
154,2,0.13572088083,0.42,,0
155,2,0.13572088083,0.5,,0
156,2,0.13572088083,0.65,,0
157,2,0.13572088083,0.85,,0
158,2,0.13572088083,1.2,,0
159,2,0.13572088083,2,,0
160,2,0.13572088083,4,,0
161,2,0.368403149864,0.42,,0
162,2,0.368403149864,0.5,,0
163,2,0.368403149864,0.65,,0
164,2,0.368403149864,0.85,,0
165,2,0.368403149864,1.2,,0
166,2,0.368403149864,2,,0
167,2,0.368403149864,4,,0
168,2,1,0.42,,0
169,2,1,0.5,,0
170,2,1,0.65,,0
171,2,1,0.85,,0
172,2,1,1.2,,0
173,2,1,2,,0
174,2,1,4,,0
175,2,2.71441761659,0.42,,0
176,2,2.71441761659,0.5,,0
177,2,2.71441761659,0.65,,0
178,2,2.71441761659,0.85,,0
179,2,2.71441761659,1.2,,0
180,2,2.71441761659,2,,0
181,2,2.71441761659,4,,0
182,2,7.36806299728,0.42,,0
183,2,7.36806299728,0.5,,0
184,2,7.36806299728,0.65,,0
185,2,7.36806299728,0.85,,0
186,2,7.36806299728,1.2,,0
187,2,7.36806299728,2,,0
188,2,7.36806299728,4,,0
189,2,20,0.42,,0
190,2,20,0.5,,0
191,2,20,0.65,,0
192,2,20,0.85,,0
193,2,20,1.2,,0
194,2,20,2,,0
195,2,20,4,,0
196,4.30886938006,0.05,0.42,,0
197,4.30886938006,0.05,0.5,,0
198,4.30886938006,0.05,0.65,,0
199,4.30886938006,0.05,0.85,,0
200,4.30886938006,0.05,1.2,,0
201,4.30886938006,0.05,2,,0
202,4.30886938006,0.05,4,,0
203,4.30886938006,0.13572088083,0.42,,0
204,4.30886938006,0.13572088083,0.5,,0
205,4.30886938006,0.13572088083,0.65,,0
206,4.30886938006,0.13572088083,0.85,,0
207,4.30886938006,0.13572088083,1.2,,0
208,4.30886938006,0.13572088083,2,,0
209,4.30886938006,0.13572088083,4,,0
210,4.30886938006,0.368403149864,0.42,,0
211,4.30886938006,0.368403149864,0.5,,0
212,4.30886938006,0.368403149864,0.65,,0
213,4.30886938006,0.368403149864,0.85,,0
214,4.30886938006,0.368403149864,1.2,,0
215,4.30886938006,0.368403149864,2,,0
216,4.30886938006,0.368403149864,4,,0
217,4.30886938006,1,0.42,565.6700,1
218,4.30886938006,1,0.5,,0
219,4.30886938006,1,0.65,,0
220,4.30886938006,1,0.85,,0
221,4.30886938006,1,1.2,,0
222,4.30886938006,1,2,,0
223,4.30886938006,1,4,,0
224,4.30886938006,2.71441761659,0.42,,0
225,4.30886938006,2.71441761659,0.5,,0
226,4.30886938006,2.71441761659,0.65,,0
227,4.30886938006,2.71441761659,0.85,,0
228,4.30886938006,2.71441761659,1.2,,0
229,4.30886938006,2.71441761659,2,,0
230,4.30886938006,2.71441761659,4,,0
231,4.30886938006,7.36806299728,0.42,,0
232,4.30886938006,7.36806299728,0.5,,0
233,4.30886938006,7.36806299728,0.65,,0
234,4.30886938006,7.36806299728,0.85,,0
235,4.30886938006,7.36806299728,1.2,,0
236,4.30886938006,7.36806299728,2,,0
237,4.30886938006,7.36806299728,4,,0
238,4.30886938006,20,0.42,,0
239,4.30886938006,20,0.5,,0
240,4.30886938006,20,0.65,,0
241,4.30886938006,20,0.85,,0
242,4.30886938006,20,1.2,,0
243,4.30886938006,20,2,,0
244,4.30886938006,20,4,,0
245,9.28317766723,0.05,0.42,,0
246,9.28317766723,0.05,0.5,,0
247,9.28317766723,0.05,0.65,,0
248,9.28317766723,0.05,0.85,,0
249,9.28317766723,0.05,1.2,,0
250,9.28317766723,0.05,2,,0
251,9.28317766723,0.05,4,,0
252,9.28317766723,0.13572088083,0.42,,0
253,9.28317766723,0.13572088083,0.5,,0
254,9.28317766723,0.13572088083,0.65,,0
255,9.28317766723,0.13572088083,0.85,,0
256,9.28317766723,0.13572088083,1.2,,0
257,9.28317766723,0.13572088083,2,,0
258,9.28317766723,0.13572088083,4,,0
259,9.28317766723,0.368403149864,0.42,,0
260,9.28317766723,0.368403149864,0.5,,0
261,9.28317766723,0.368403149864,0.65,,0
262,9.28317766723,0.368403149864,0.85,,0
263,9.28317766723,0.368403149864,1.2,,0
264,9.28317766723,0.368403149864,2,,0
265,9.28317766723,0.368403149864,4,,0
266,9.28317766723,1,0.42,,0
267,9.28317766723,1,0.5,,0
268,9.28317766723,1,0.65,,0
269,9.28317766723,1,0.85,,0
270,9.28317766723,1,1.2,,0
271,9.28317766723,1,2,,0
272,9.28317766723,1,4,,0
273,9.28317766723,2.71441761659,0.42,,0
274,9.28317766723,2.71441761659,0.5,,0
275,9.28317766723,2.71441761659,0.65,,0
276,9.28317766723,2.71441761659,0.85,,0
277,9.28317766723,2.71441761659,1.2,,0
278,9.28317766723,2.71441761659,2,,0
279,9.28317766723,2.71441761659,4,,0
280,9.28317766723,7.36806299728,0.42,,0
281,9.28317766723,7.36806299728,0.5,,0
282,9.28317766723,7.36806299728,0.65,,0
283,9.28317766723,7.36806299728,0.85,,0
284,9.28317766723,7.36806299728,1.2,,0
285,9.28317766723,7.36806299728,2,,0
286,9.28317766723,7.36806299728,4,,0
287,9.28317766723,20,0.42,,0
288,9.28317766723,20,0.5,,0
289,9.28317766723,20,0.65,,0
290,9.28317766723,20,0.85,,0
291,9.28317766723,20,1.2,,0
292,9.28317766723,20,2,,0
293,9.28317766723,20,4,,0
294,20,0.05,0.42,,0
295,20,0.05,0.5,,0
296,20,0.05,0.65,,0
297,20,0.05,0.85,,0
298,20,0.05,1.2,,0
299,20,0.05,2,,0
300,20,0.05,4,,0
301,20,0.13572088083,0.42,,0
302,20,0.13572088083,0.5,,0
303,20,0.13572088083,0.65,,0
304,20,0.13572088083,0.85,,0
305,20,0.13572088083,1.2,,0
306,20,0.13572088083,2,,0
307,20,0.13572088083,4,,0
308,20,0.368403149864,0.42,,0
309,20,0.368403149864,0.5,,0
310,20,0.368403149864,0.65,,0
311,20,0.368403149864,0.85,,0
312,20,0.368403149864,1.2,,0
313,20,0.368403149864,2,,0
314,20,0.368403149864,4,,0
315,20,1,0.42,,0
316,20,1,0.5,,0
317,20,1,0.65,,0
318,20,1,0.85,,0
319,20,1,1.2,,0
320,20,1,2,,0
321,20,1,4,,0
322,20,2.71441761659,0.42,,0
323,20,2.71441761659,0.5,,0
324,20,2.71441761659,0.65,,0
325,20,2.71441761659,0.85,,0
326,20,2.71441761659,1.2,,0
327,20,2.71441761659,2,,0
328,20,2.71441761659,4,,0
329,20,7.36806299728,0.42,,0
330,20,7.36806299728,0.5,,0
331,20,7.36806299728,0.65,,0
332,20,7.36806299728,0.85,,0
333,20,7.36806299728,1.2,,0
334,20,7.36806299728,2,,0
335,20,7.36806299728,4,,0
336,20,20,0.42,,0
337,20,20,0.5,,0
338,20,20,0.65,,0
339,20,20,0.85,,0
340,20,20,1.2,,0
341,20,20,2,,0
342,20,20,4,,0
